Workbook

Sheet 2025
A1: hour | B1: electricity_price | C1: new_electricity_price | D1: new_electricity_price_mean
A2: 0 | B2: 31.411099 | C2: 29.56 | D2: =AVERAGE(C$2:C$8761) -> 28.192595
A3: 1 | B3: 30.803854 | C3: 28.46 | D3: =AVERAGE(C$2:C$8761) -> 28.192595
A4: 2 | B4: 30.384304 | C4: 26.66 | D4: =AVERAGE(C$2:C$8761) -> 28.192595
A5: 3 | B5: 30.406385 | C5: 24.48 | D5: =AVERAGE(C$2:C$8761) -> 28.192595
A6: 4 | B6: 29.313345 | C6: 24.01 | D6: =AVERAGE(C$2:C$8761) -> 28.192595
A7: 5 | B7: 28.518407 | C7: 21.23 | D7: =AVERAGE(C$2:C$8761) -> 28.192595
A8: 6 | B8: 27.679306 | C8: 22.62 | D8: =AVERAGE(C$2:C$8761) -> 28.192595
A9: 7 | B9: 28.319673 | C9: 25.04 | D9: =AVERAGE(C$2:C$8761) -> 28.192595
A10: 8 | B10: 28.871713 | C10: 26.24 | D10: =AVERAGE(C$2:C$8761) -> 28.192595
A11: 9 | B11: 29.556243 | C11: 32.21 | D11: =AVERAGE(C$2:C$8761) -> 28.192595
A12: 10 | B12: 30.251814 | C12: 41.34 | D12: =AVERAGE(C$2:C$8761) -> 28.192595
A13: 11 | B13: 31.002589 | C13: 43.51 | D13: =AVERAGE(C$2:C$8761) -> 28.192595
... A8761: 8759 | B8761: 21.628943 | C8761: 12.85 | D8761: =AVERAGE(C$2:C$8761) -> 28.192595

Sheet 2030
A1: hour | B1: electricity_price | C1: new_electricity_price | D1: new_electricity_price_mean
A2: 0 | B2: ='2025'!B2*1.02^5 -> 34.680391 | C2: ='2025'!C2*1.14114792482291 -> 33.732333 | D2: =AVERAGE(C$2:C$8761) -> 32.171921
A3: 1 | B3: ='2025'!B3*1.02^5 -> 34.009944 | C3: ='2025'!C3*1.14114792482291 -> 32.47707 | D3: =AVERAGE(C$2:C$8761) -> 32.171921
A4: 2 | B4: ='2025'!B4*1.02^5 -> 33.546726 | C4: ='2025'!C4*1.14114792482291 -> 30.423004 | D4: =AVERAGE(C$2:C$8761) -> 32.171921
A5: 3 | B5: ='2025'!B5*1.02^5 -> 33.571106 | C5: ='2025'!C5*1.14114792482291 -> 27.935301 | D5: =AVERAGE(C$2:C$8761) -> 32.171921
A6: 4 | B6: ='2025'!B6*1.02^5 -> 32.364302 | C6: ='2025'!C6*1.14114792482291 -> 27.398962 | D6: =AVERAGE(C$2:C$8761) -> 32.171921
A7: 5 | B7: ='2025'!B7*1.02^5 -> 31.486626 | C7: ='2025'!C7*1.14114792482291 -> 24.22657 | D7: =AVERAGE(C$2:C$8761) -> 32.171921
A8: 6 | B8: ='2025'!B8*1.02^5 -> 30.56019 | C8: ='2025'!C8*1.14114792482291 -> 25.812766 | D8: =AVERAGE(C$2:C$8761) -> 32.171921
A9: 7 | B9: ='2025'!B9*1.02^5 -> 31.267207 | C9: ='2025'!C9*1.14114792482291 -> 28.574344 | D9: =AVERAGE(C$2:C$8761) -> 32.171921
A10: 8 | B10: ='2025'!B10*1.02^5 -> 31.876704 | C10: ='2025'!C10*1.14114792482291 -> 29.943722 | D10: =AVERAGE(C$2:C$8761) -> 32.171921
A11: 9 | B11: ='2025'!B11*1.02^5 -> 32.632481 | C11: ='2025'!C11*1.14114792482291 -> 36.756375 | D11: =AVERAGE(C$2:C$8761) -> 32.171921
A12: 10 | B12: ='2025'!B12*1.02^5 -> 33.400447 | C12: ='2025'!C12*1.14114792482291 -> 47.175055 | D12: =AVERAGE(C$2:C$8761) -> 32.171921
A13: 11 | B13: ='2025'!B13*1.02^5 -> 34.229363 | C13: ='2025'!C13*1.14114792482291 -> 49.651346 | D13: =AVERAGE(C$2:C$8761) -> 32.171921
... A8761: 8759 | B8761: ='2025'!B8761*1.02^5 -> 23.880101 | C8761: ='2025'!C8761*1.14114792482291 -> 14.663751 | D8761: =AVERAGE(C$2:C$8761) -> 32.171921

Sheet 2035
A1: hour | B1: electricity_price | C1: new_electricity_price | D1: new_electricity_price_mean
A2: 0 | B2: ='2025'!B2*1.02^10 -> 38.289954 | C2: ='2025'!C2*1.16708310493253 -> 34.498977 | D2: =AVERAGE(C$2:C$8761) -> 32.903101
A3: 1 | B3: ='2025'!B3*1.02^10 -> 37.549727 | C3: ='2025'!C3*1.16708310493253 -> 33.215185 | D3: =AVERAGE(C$2:C$8761) -> 32.903101
A4: 2 | B4: ='2025'!B4*1.02^10 -> 37.038297 | C4: ='2025'!C4*1.16708310493253 -> 31.114436 | D4: =AVERAGE(C$2:C$8761) -> 32.903101
A5: 3 | B5: ='2025'!B5*1.02^10 -> 37.065214 | C5: ='2025'!C5*1.16708310493253 -> 28.570194 | D5: =AVERAGE(C$2:C$8761) -> 32.903101
A6: 4 | B6: ='2025'!B6*1.02^10 -> 35.732804 | C6: ='2025'!C6*1.16708310493253 -> 28.021665 | D6: =AVERAGE(C$2:C$8761) -> 32.903101
A7: 5 | B7: ='2025'!B7*1.02^10 -> 34.763779 | C7: ='2025'!C7*1.16708310493253 -> 24.777174 | D7: =AVERAGE(C$2:C$8761) -> 32.903101
A8: 6 | B8: ='2025'!B8*1.02^10 -> 33.740919 | C8: ='2025'!C8*1.16708310493253 -> 26.39942 | D8: =AVERAGE(C$2:C$8761) -> 32.903101
A9: 7 | B9: ='2025'!B9*1.02^10 -> 34.521523 | C9: ='2025'!C9*1.16708310493253 -> 29.223761 | D9: =AVERAGE(C$2:C$8761) -> 32.903101
A10: 8 | B10: ='2025'!B10*1.02^10 -> 35.194457 | C10: ='2025'!C10*1.16708310493253 -> 30.624261 | D10: =AVERAGE(C$2:C$8761) -> 32.903101
A11: 9 | B11: ='2025'!B11*1.02^10 -> 36.028895 | C11: ='2025'!C11*1.16708310493253 -> 37.591747 | D11: =AVERAGE(C$2:C$8761) -> 32.903101
A12: 10 | B12: ='2025'!B12*1.02^10 -> 36.876792 | C12: ='2025'!C12*1.16708310493253 -> 48.247216 | D12: =AVERAGE(C$2:C$8761) -> 32.903101
A13: 11 | B13: ='2025'!B13*1.02^10 -> 37.791983 | C13: ='2025'!C13*1.16708310493253 -> 50.779786 | D13: =AVERAGE(C$2:C$8761) -> 32.903101
... A8761: 8759 | B8761: ='2025'!B8761*1.02^10 -> 26.365561 | C8761: ='2025'!C8761*1.16708310493253 -> 14.997018 | D8761: =AVERAGE(C$2:C$8761) -> 32.903101

Sheet 2040
A1: hour | B1: electricity_price | C1: new_electricity_price | D1: new_electricity_price_mean
A2: 0 | B2: ='2025'!B2*1.02^15 -> 42.275203 | C2: ='2025'!C2*1.3226941855902 -> 39.09884 | D2: =AVERAGE(C$2:C$8761) -> 37.290181
A3: 1 | B3: ='2025'!B3*1.02^15 -> 41.457932 | C3: ='2025'!C3*1.3226941855902 -> 37.643877 | D3: =AVERAGE(C$2:C$8761) -> 37.290181
A4: 2 | B4: ='2025'!B4*1.02^15 -> 40.893272 | C4: ='2025'!C4*1.3226941855902 -> 35.263027 | D4: =AVERAGE(C$2:C$8761) -> 37.290181
A5: 3 | B5: ='2025'!B5*1.02^15 -> 40.922991 | C5: ='2025'!C5*1.3226941855902 -> 32.379554 | D5: =AVERAGE(C$2:C$8761) -> 37.290181
A6: 4 | B6: ='2025'!B6*1.02^15 -> 39.451903 | C6: ='2025'!C6*1.3226941855902 -> 31.757887 | D6: =AVERAGE(C$2:C$8761) -> 37.290181
A7: 5 | B7: ='2025'!B7*1.02^15 -> 38.382021 | C7: ='2025'!C7*1.3226941855902 -> 28.080798 | D7: =AVERAGE(C$2:C$8761) -> 37.290181
A8: 6 | B8: ='2025'!B8*1.02^15 -> 37.252701 | C8: ='2025'!C8*1.3226941855902 -> 29.919342 | D8: =AVERAGE(C$2:C$8761) -> 37.290181
A9: 7 | B9: ='2025'!B9*1.02^15 -> 38.114551 | C9: ='2025'!C9*1.3226941855902 -> 33.120262 | D9: =AVERAGE(C$2:C$8761) -> 37.290181
A10: 8 | B10: ='2025'!B10*1.02^15 -> 38.857524 | C10: ='2025'!C10*1.3226941855902 -> 34.707495 | D10: =AVERAGE(C$2:C$8761) -> 37.290181
A11: 9 | B11: ='2025'!B11*1.02^15 -> 39.778812 | C11: ='2025'!C11*1.3226941855902 -> 42.60398 | D11: =AVERAGE(C$2:C$8761) -> 37.290181
A12: 10 | B12: ='2025'!B12*1.02^15 -> 40.714959 | C12: ='2025'!C12*1.3226941855902 -> 54.680178 | D12: =AVERAGE(C$2:C$8761) -> 37.290181
A13: 11 | B13: ='2025'!B13*1.02^15 -> 41.725403 | C13: ='2025'!C13*1.3226941855902 -> 57.550424 | D13: =AVERAGE(C$2:C$8761) -> 37.290181
... A8761: 8759 | B8761: ='2025'!B8761*1.02^15 -> 29.109709 | C8761: ='2025'!C8761*1.3226941855902 -> 16.99662 | D8761: =AVERAGE(C$2:C$8761) -> 37.290181

Sheet 2045
A1: hour | B1: electricity_price | C1: new_electricity_price | D1: new_electricity_price_mean
A2: 0 | B2: ='2025'!B2*1.02^20 -> 46.675241 | C2: ='2025'!C2*1.3226941855902 -> 39.09884 | D2: =AVERAGE(C$2:C$8761) -> 37.290181
A3: 1 | B3: ='2025'!B3*1.02^20 -> 45.772907 | C3: ='2025'!C3*1.3226941855902 -> 37.643877 | D3: =AVERAGE(C$2:C$8761) -> 37.290181
A4: 2 | B4: ='2025'!B4*1.02^20 -> 45.149477 | C4: ='2025'!C4*1.3226941855902 -> 35.263027 | D4: =AVERAGE(C$2:C$8761) -> 37.290181
A5: 3 | B5: ='2025'!B5*1.02^20 -> 45.182289 | C5: ='2025'!C5*1.3226941855902 -> 32.379554 | D5: =AVERAGE(C$2:C$8761) -> 37.290181
A6: 4 | B6: ='2025'!B6*1.02^20 -> 43.558089 | C6: ='2025'!C6*1.3226941855902 -> 31.757887 | D6: =AVERAGE(C$2:C$8761) -> 37.290181
A7: 5 | B7: ='2025'!B7*1.02^20 -> 42.376853 | C7: ='2025'!C7*1.3226941855902 -> 28.080798 | D7: =AVERAGE(C$2:C$8761) -> 37.290181
A8: 6 | B8: ='2025'!B8*1.02^20 -> 41.129992 | C8: ='2025'!C8*1.3226941855902 -> 29.919342 | D8: =AVERAGE(C$2:C$8761) -> 37.290181
A9: 7 | B9: ='2025'!B9*1.02^20 -> 42.081544 | C9: ='2025'!C9*1.3226941855902 -> 33.120262 | D9: =AVERAGE(C$2:C$8761) -> 37.290181
A10: 8 | B10: ='2025'!B10*1.02^20 -> 42.901847 | C10: ='2025'!C10*1.3226941855902 -> 34.707495 | D10: =AVERAGE(C$2:C$8761) -> 37.290181
A11: 9 | B11: ='2025'!B11*1.02^20 -> 43.919022 | C11: ='2025'!C11*1.3226941855902 -> 42.60398 | D11: =AVERAGE(C$2:C$8761) -> 37.290181
A12: 10 | B12: ='2025'!B12*1.02^20 -> 44.952604 | C12: ='2025'!C12*1.3226941855902 -> 54.680178 | D12: =AVERAGE(C$2:C$8761) -> 37.290181
A13: 11 | B13: ='2025'!B13*1.02^20 -> 46.068216 | C13: ='2025'!C13*1.3226941855902 -> 57.550424 | D13: =AVERAGE(C$2:C$8761) -> 37.290181
... A8761: 8759 | B8761: ='2025'!B8761*1.02^20 -> 32.139471 | C8761: ='2025'!C8761*1.3226941855902 -> 16.99662 | D8761: =AVERAGE(C$2:C$8761) -> 37.290181

Sheet 2050
A1: hour | B1: electricity_price | C1: new_electricity_price | D1: new_electricity_price_mean
A2: 0 | B2: ='2025'!B2*1.02^25 -> 51.533237 | C2: ='2025'!C2*1.3226941855902 -> 39.09884 | D2: =AVERAGE(C$2:C$8761) -> 37.290181
A3: 1 | B3: ='2025'!B3*1.02^25 -> 50.536988 | C3: ='2025'!C3*1.3226941855902 -> 37.643877 | D3: =AVERAGE(C$2:C$8761) -> 37.290181
A4: 2 | B4: ='2025'!B4*1.02^25 -> 49.848671 | C4: ='2025'!C4*1.3226941855902 -> 35.263027 | D4: =AVERAGE(C$2:C$8761) -> 37.290181
A5: 3 | B5: ='2025'!B5*1.02^25 -> 49.884898 | C5: ='2025'!C5*1.3226941855902 -> 32.379554 | D5: =AVERAGE(C$2:C$8761) -> 37.290181
A6: 4 | B6: ='2025'!B6*1.02^25 -> 48.09165 | C6: ='2025'!C6*1.3226941855902 -> 31.757887 | D6: =AVERAGE(C$2:C$8761) -> 37.290181
A7: 5 | B7: ='2025'!B7*1.02^25 -> 46.78747 | C7: ='2025'!C7*1.3226941855902 -> 28.080798 | D7: =AVERAGE(C$2:C$8761) -> 37.290181
A8: 6 | B8: ='2025'!B8*1.02^25 -> 45.410835 | C8: ='2025'!C8*1.3226941855902 -> 29.919342 | D8: =AVERAGE(C$2:C$8761) -> 37.290181
A9: 7 | B9: ='2025'!B9*1.02^25 -> 46.461425 | C9: ='2025'!C9*1.3226941855902 -> 33.120262 | D9: =AVERAGE(C$2:C$8761) -> 37.290181
A10: 8 | B10: ='2025'!B10*1.02^25 -> 47.367105 | C10: ='2025'!C10*1.3226941855902 -> 34.707495 | D10: =AVERAGE(C$2:C$8761) -> 37.290181
A11: 9 | B11: ='2025'!B11*1.02^25 -> 48.49015 | C11: ='2025'!C11*1.3226941855902 -> 42.60398 | D11: =AVERAGE(C$2:C$8761) -> 37.290181
A12: 10 | B12: ='2025'!B12*1.02^25 -> 49.631307 | C12: ='2025'!C12*1.3226941855902 -> 54.680178 | D12: =AVERAGE(C$2:C$8761) -> 37.290181
A13: 11 | B13: ='2025'!B13*1.02^25 -> 50.863033 | C13: ='2025'!C13*1.3226941855902 -> 57.550424 | D13: =AVERAGE(C$2:C$8761) -> 37.290181
... A8761: 8759 | B8761: ='2025'!B8761*1.02^25 -> 35.484573 | C8761: ='2025'!C8761*1.3226941855902 -> 16.99662 | D8761: =AVERAGE(C$2:C$8761) -> 37.290181
